{
  "tag": "P22UUUQL",
  "version": 1,
  "trainedAt": "2025-09-15T21:52:20.049Z",
  "samples": 30,
  "dims": 33,
  "w": [
    0.0013042163420982436,
    -0.016649147724399144,
    0,
    0.0013042163420982436,
    0.0013042163420982436,
    0.0013042163420982436,
    -0.18091255943116752,
    0,
    0,
    0.18221677577326767,
    0,
    0,
    0,
    0,
    -0.18091255943116752,
    0,
    0,
    0,
    0,
    0,
    0,
    0,
    0,
    0,
    0.18221677577326767,
    0.15498641441221547,
    -0.28222987291692114,
    0,
    0,
    0.20403011202078555,
    0,
    -0.07548243717398152,
    4.766644099260584
  ],
  "oppDist": {
    "Cycle": 0.13333333333333333,
    "Bait": 0.16666666666666666,
    "Beatdown": 0,
    "Control": 0,
    "Siege": 0.06666666666666667,
    "Bridge Spam": 0,
    "Hybrid/Other": 0.6333333333333333
  }
}